"";"id";"land";"sea";"type";"ISO3i";"ISO3j"
"1";"ABW_COL";FALSE;TRUE;"sea";"ABW";"COL"
"2";"ABW_CUW";FALSE;TRUE;"sea";"ABW";"CUW"
"3";"ABW_DOM";FALSE;TRUE;"sea";"ABW";"DOM"
"4";"ABW_VEN";FALSE;TRUE;"sea";"ABW";"VEN"
"5";"AFG_CHN";TRUE;FALSE;"land";"AFG";"CHN"
"6";"AFG_IRN";TRUE;FALSE;"land";"AFG";"IRN"
"7";"AFG_PAK";TRUE;FALSE;"land";"AFG";"PAK"
"8";"AFG_TJK";TRUE;FALSE;"land";"AFG";"TJK"
"9";"AFG_TKM";TRUE;FALSE;"land";"AFG";"TKM"
"10";"AFG_UZB";TRUE;FALSE;"land";"AFG";"UZB"
"11";"AGO_COD";TRUE;TRUE;"hybrid";"AGO";"COD"
"12";"AGO_COG";TRUE;TRUE;"hybrid";"AGO";"COG"
"13";"AGO_NAM";TRUE;TRUE;"hybrid";"AGO";"NAM"
"14";"AGO_ZMB";TRUE;FALSE;"land";"AGO";"ZMB"
"15";"ALA_EST";FALSE;TRUE;"sea";"ALA";"EST"
"16";"ALA_FIN";FALSE;TRUE;"sea";"ALA";"FIN"
"17";"ALB_GRC";TRUE;TRUE;"hybrid";"ALB";"GRC"
"18";"ALB_ITA";FALSE;TRUE;"sea";"ALB";"ITA"
"19";"ALB_MKD";TRUE;FALSE;"land";"ALB";"MKD"
"20";"ALB_MNE";TRUE;TRUE;"hybrid";"ALB";"MNE"
"21";"ALB_XKO";TRUE;FALSE;"land";"ALB";"XKO"
"22";"AND_ESP";TRUE;FALSE;"land";"AND";"ESP"
"23";"AND_FRA";TRUE;FALSE;"land";"AND";"FRA"
"24";"ARE_IRN";FALSE;TRUE;"sea";"ARE";"IRN"
"25";"ARE_OMN";TRUE;TRUE;"hybrid";"ARE";"OMN"
"26";"ARE_QAT";FALSE;TRUE;"sea";"ARE";"QAT"
"27";"ARE_SAU";TRUE;TRUE;"hybrid";"ARE";"SAU"
"28";"ARG_BOL";TRUE;FALSE;"land";"ARG";"BOL"
"29";"ARG_BRA";TRUE;FALSE;"land";"ARG";"BRA"
"30";"ARG_CHL";TRUE;TRUE;"hybrid";"ARG";"CHL"
"31";"ARG_FLK";FALSE;TRUE;"sea";"ARG";"FLK"
"32";"ARG_PRY";TRUE;FALSE;"land";"ARG";"PRY"
"33";"ARG_URY";TRUE;TRUE;"hybrid";"ARG";"URY"
"34";"ARM_AZE";TRUE;FALSE;"land";"ARM";"AZE"
"35";"ARM_GEO";TRUE;FALSE;"land";"ARM";"GEO"
"36";"ARM_IRN";TRUE;FALSE;"land";"ARM";"IRN"
"37";"ARM_TUR";TRUE;FALSE;"land";"ARM";"TUR"
"38";"ATF_HMD";FALSE;TRUE;"sea";"ATF";"HMD"
"39";"AUS_IDN";FALSE;TRUE;"sea";"AUS";"IDN"
"40";"AUS_PNG";TRUE;TRUE;"hybrid";"AUS";"PNG"
"41";"AUS_TLS";FALSE;TRUE;"sea";"AUS";"TLS"
"42";"AUT_CHE";TRUE;FALSE;"land";"AUT";"CHE"
"43";"AUT_CZE";TRUE;FALSE;"land";"AUT";"CZE"
"44";"AUT_DEU";TRUE;FALSE;"land";"AUT";"DEU"
"45";"AUT_HUN";TRUE;FALSE;"land";"AUT";"HUN"
"46";"AUT_ITA";TRUE;FALSE;"land";"AUT";"ITA"
"47";"AUT_LIE";TRUE;FALSE;"land";"AUT";"LIE"
"48";"AUT_SVK";TRUE;FALSE;"land";"AUT";"SVK"
"49";"AUT_SVN";TRUE;FALSE;"land";"AUT";"SVN"
"50";"AZE_ARM";TRUE;FALSE;"land";"AZE";"ARM"
"51";"AZE_GEO";TRUE;FALSE;"land";"AZE";"GEO"
"52";"AZE_IRN";TRUE;FALSE;"land";"AZE";"IRN"
"53";"AZE_RUS";TRUE;FALSE;"land";"AZE";"RUS"
"54";"AZE_TUR";TRUE;FALSE;"land";"AZE";"TUR"
"55";"AZE_XCA";TRUE;FALSE;"land";"AZE";"XCA"
"56";"BDI_COD";TRUE;FALSE;"land";"BDI";"COD"
"57";"BDI_RWA";TRUE;FALSE;"land";"BDI";"RWA"
"58";"BDI_TZA";TRUE;FALSE;"land";"BDI";"TZA"
"59";"BEL_DEU";TRUE;FALSE;"land";"BEL";"DEU"
"60";"BEL_FRA";TRUE;TRUE;"hybrid";"BEL";"FRA"
"61";"BEL_GBR";FALSE;TRUE;"sea";"BEL";"GBR"
"62";"BEL_LUX";TRUE;FALSE;"land";"BEL";"LUX"
"63";"BEL_NLD";TRUE;TRUE;"hybrid";"BEL";"NLD"
"64";"BEN_BFA";TRUE;FALSE;"land";"BEN";"BFA"
"65";"BEN_GHA";FALSE;TRUE;"sea";"BEN";"GHA"
"66";"BEN_NER";TRUE;FALSE;"land";"BEN";"NER"
"67";"BEN_NGA";TRUE;TRUE;"hybrid";"BEN";"NGA"
"68";"BEN_TGO";TRUE;TRUE;"hybrid";"BEN";"TGO"
"69";"BFA_BEN";TRUE;FALSE;"land";"BFA";"BEN"
"70";"BFA_CIV";TRUE;FALSE;"land";"BFA";"CIV"
"71";"BFA_GHA";TRUE;FALSE;"land";"BFA";"GHA"
"72";"BFA_MLI";TRUE;FALSE;"land";"BFA";"MLI"
"73";"BFA_NER";TRUE;FALSE;"land";"BFA";"NER"
"74";"BFA_TGO";TRUE;FALSE;"land";"BFA";"TGO"
"75";"BGD_IND";TRUE;TRUE;"hybrid";"BGD";"IND"
"76";"BGD_MMR";TRUE;TRUE;"hybrid";"BGD";"MMR"
"77";"BGR_GRC";TRUE;FALSE;"land";"BGR";"GRC"
"78";"BGR_MKD";TRUE;FALSE;"land";"BGR";"MKD"
"79";"BGR_ROU";TRUE;TRUE;"hybrid";"BGR";"ROU"
"80";"BGR_SRB";TRUE;FALSE;"land";"BGR";"SRB"
"81";"BGR_TUR";TRUE;TRUE;"hybrid";"BGR";"TUR"
"82";"BGR_UKR";FALSE;TRUE;"sea";"BGR";"UKR"
"83";"BHR_IRN";FALSE;TRUE;"sea";"BHR";"IRN"
"84";"BHR_QAT";FALSE;TRUE;"sea";"BHR";"QAT"
"85";"BHR_SAU";TRUE;TRUE;"hybrid";"BHR";"SAU"
"86";"BHS_CUB";FALSE;TRUE;"sea";"BHS";"CUB"
"87";"BHS_DOM";FALSE;TRUE;"sea";"BHS";"DOM"
"88";"BHS_HTI";FALSE;TRUE;"sea";"BHS";"HTI"
"89";"BHS_TCA";FALSE;TRUE;"sea";"BHS";"TCA"
"90";"BHS_USA";FALSE;TRUE;"sea";"BHS";"USA"
"91";"BIH_HRV";TRUE;TRUE;"hybrid";"BIH";"HRV"
"92";"BIH_MNE";TRUE;TRUE;"hybrid";"BIH";"MNE"
"93";"BIH_SRB";TRUE;FALSE;"land";"BIH";"SRB"
"94";"BLR_LTU";TRUE;FALSE;"land";"BLR";"LTU"
"95";"BLR_LVA";TRUE;FALSE;"land";"BLR";"LVA"
"96";"BLR_POL";TRUE;FALSE;"land";"BLR";"POL"
"97";"BLR_RUS";TRUE;FALSE;"land";"BLR";"RUS"
"98";"BLR_UKR";TRUE;FALSE;"land";"BLR";"UKR"
"99";"BLZ_GTM";TRUE;TRUE;"hybrid";"BLZ";"GTM"
"100";"BLZ_MEX";TRUE;TRUE;"hybrid";"BLZ";"MEX"
"101";"BOL_ARG";TRUE;FALSE;"land";"BOL";"ARG"
"102";"BOL_BRA";TRUE;FALSE;"land";"BOL";"BRA"
"103";"BOL_CHL";TRUE;FALSE;"land";"BOL";"CHL"
"104";"BOL_PER";TRUE;FALSE;"land";"BOL";"PER"
"105";"BOL_PRY";TRUE;FALSE;"land";"BOL";"PRY"
"106";"BRA_ARG";TRUE;FALSE;"land";"BRA";"ARG"
"107";"BRA_BOL";TRUE;FALSE;"land";"BRA";"BOL"
"108";"BRA_COL";TRUE;FALSE;"land";"BRA";"COL"
"109";"BRA_GUF";TRUE;TRUE;"hybrid";"BRA";"GUF"
"110";"BRA_GUY";TRUE;FALSE;"land";"BRA";"GUY"
"111";"BRA_PER";TRUE;FALSE;"land";"BRA";"PER"
"112";"BRA_PRY";TRUE;FALSE;"land";"BRA";"PRY"
"113";"BRA_SUR";TRUE;FALSE;"land";"BRA";"SUR"
"114";"BRA_URY";TRUE;TRUE;"hybrid";"BRA";"URY"
"115";"BRA_VEN";TRUE;FALSE;"land";"BRA";"VEN"
"116";"BRN_MYS";TRUE;TRUE;"hybrid";"BRN";"MYS"
"117";"BTN_CHN";TRUE;FALSE;"land";"BTN";"CHN"
"118";"BTN_IND";TRUE;FALSE;"land";"BTN";"IND"
"119";"BWA_NAM";TRUE;FALSE;"land";"BWA";"NAM"
"120";"BWA_ZAF";TRUE;FALSE;"land";"BWA";"ZAF"
"121";"BWA_ZMB";TRUE;FALSE;"land";"BWA";"ZMB"
"122";"BWA_ZWE";TRUE;FALSE;"land";"BWA";"ZWE"
"123";"CAF_CMR";TRUE;FALSE;"land";"CAF";"CMR"
"124";"CAF_COD";TRUE;FALSE;"land";"CAF";"COD"
"125";"CAF_COG";TRUE;FALSE;"land";"CAF";"COG"
"126";"CAF_SDN";TRUE;FALSE;"land";"CAF";"SDN"
"127";"CAF_SSD";TRUE;FALSE;"land";"CAF";"SSD"
"128";"CAF_TCD";TRUE;FALSE;"land";"CAF";"TCD"
"129";"CAN_GRL";FALSE;TRUE;"sea";"CAN";"GRL"
"130";"CAN_SPM";FALSE;TRUE;"sea";"CAN";"SPM"
"131";"CAN_USA";TRUE;TRUE;"hybrid";"CAN";"USA"
"132";"CHE_AUT";TRUE;FALSE;"land";"CHE";"AUT"
"133";"CHE_DEU";TRUE;FALSE;"land";"CHE";"DEU"
"134";"CHE_FRA";TRUE;FALSE;"land";"CHE";"FRA"
"135";"CHE_ITA";TRUE;FALSE;"land";"CHE";"ITA"
"136";"CHE_LIE";TRUE;FALSE;"land";"CHE";"LIE"
"137";"CHL_ARG";TRUE;TRUE;"hybrid";"CHL";"ARG"
"138";"CHL_BOL";TRUE;FALSE;"land";"CHL";"BOL"
"139";"CHL_PER";TRUE;TRUE;"hybrid";"CHL";"PER"
"140";"CHN_AFG";TRUE;FALSE;"land";"CHN";"AFG"
"141";"CHN_BTN";TRUE;FALSE;"land";"CHN";"BTN"
"142";"CHN_HKG";TRUE;TRUE;"hybrid";"CHN";"HKG"
"143";"CHN_IND";TRUE;FALSE;"land";"CHN";"IND"
"144";"CHN_JPN";FALSE;TRUE;"sea";"CHN";"JPN"
"145";"CHN_KAZ";TRUE;FALSE;"land";"CHN";"KAZ"
"146";"CHN_KGZ";TRUE;FALSE;"land";"CHN";"KGZ"
"147";"CHN_KOR";FALSE;TRUE;"sea";"CHN";"KOR"
"148";"CHN_LAO";TRUE;FALSE;"land";"CHN";"LAO"
"149";"CHN_MAC";TRUE;TRUE;"hybrid";"CHN";"MAC"
"150";"CHN_MMR";TRUE;FALSE;"land";"CHN";"MMR"
"151";"CHN_MNG";TRUE;FALSE;"land";"CHN";"MNG"
"152";"CHN_NPL";TRUE;FALSE;"land";"CHN";"NPL"
"153";"CHN_PAK";TRUE;FALSE;"land";"CHN";"PAK"
"154";"CHN_PRK";TRUE;TRUE;"hybrid";"CHN";"PRK"
"155";"CHN_RUS";TRUE;FALSE;"land";"CHN";"RUS"
"156";"CHN_TJK";TRUE;FALSE;"land";"CHN";"TJK"
"157";"CHN_TWN";FALSE;TRUE;"sea";"CHN";"TWN"
"158";"CHN_VNM";TRUE;TRUE;"hybrid";"CHN";"VNM"
"159";"CIV_BFA";TRUE;FALSE;"land";"CIV";"BFA"
"160";"CIV_GHA";TRUE;TRUE;"hybrid";"CIV";"GHA"
"161";"CIV_GIN";TRUE;FALSE;"land";"CIV";"GIN"
"162";"CIV_LBR";TRUE;TRUE;"hybrid";"CIV";"LBR"
"163";"CIV_MLI";TRUE;FALSE;"land";"CIV";"MLI"
"164";"CMR_CAF";TRUE;FALSE;"land";"CMR";"CAF"
"165";"CMR_COG";TRUE;FALSE;"land";"CMR";"COG"
"166";"CMR_GAB";TRUE;FALSE;"land";"CMR";"GAB"
"167";"CMR_GNQ";TRUE;TRUE;"hybrid";"CMR";"GNQ"
"168";"CMR_NGA";TRUE;TRUE;"hybrid";"CMR";"NGA"
"169";"CMR_TCD";TRUE;FALSE;"land";"CMR";"TCD"
"170";"COD_AGO";TRUE;TRUE;"hybrid";"COD";"AGO"
"171";"COD_BDI";TRUE;FALSE;"land";"COD";"BDI"
"172";"COD_CAF";TRUE;FALSE;"land";"COD";"CAF"
"173";"COD_COG";TRUE;TRUE;"hybrid";"COD";"COG"
"174";"COD_RWA";TRUE;FALSE;"land";"COD";"RWA"
"175";"COD_SSD";TRUE;FALSE;"land";"COD";"SSD"
"176";"COD_TZA";TRUE;FALSE;"land";"COD";"TZA"
"177";"COD_UGA";TRUE;FALSE;"land";"COD";"UGA"
"178";"COD_ZMB";TRUE;FALSE;"land";"COD";"ZMB"
"179";"COG_AGO";TRUE;TRUE;"hybrid";"COG";"AGO"
"180";"COG_CAF";TRUE;FALSE;"land";"COG";"CAF"
"181";"COG_CMR";TRUE;FALSE;"land";"COG";"CMR"
"182";"COG_COD";TRUE;TRUE;"hybrid";"COG";"COD"
"183";"COG_GAB";TRUE;TRUE;"hybrid";"COG";"GAB"
"184";"COL_ABW";FALSE;TRUE;"sea";"COL";"ABW"
"185";"COL_BRA";TRUE;FALSE;"land";"COL";"BRA"
"186";"COL_DOM";FALSE;TRUE;"sea";"COL";"DOM"
"187";"COL_ECU";TRUE;TRUE;"hybrid";"COL";"ECU"
"188";"COL_HTI";FALSE;TRUE;"sea";"COL";"HTI"
"189";"COL_JAM";FALSE;TRUE;"sea";"COL";"JAM"
"190";"COL_PAN";TRUE;TRUE;"hybrid";"COL";"PAN"
"191";"COL_PER";TRUE;FALSE;"land";"COL";"PER"
"192";"COL_VEN";TRUE;TRUE;"hybrid";"COL";"VEN"
"193";"COM_MDG";FALSE;TRUE;"sea";"COM";"MDG"
"194";"COM_MOZ";FALSE;TRUE;"sea";"COM";"MOZ"
"195";"COM_MYT";FALSE;TRUE;"sea";"COM";"MYT"
"196";"COM_TZA";FALSE;TRUE;"sea";"COM";"TZA"
"197";"CPV_MRT";FALSE;TRUE;"sea";"CPV";"MRT"
"198";"CPV_SEN";FALSE;TRUE;"sea";"CPV";"SEN"
"199";"CRI_NIC";TRUE;TRUE;"hybrid";"CRI";"NIC"
"200";"CRI_PAN";TRUE;TRUE;"hybrid";"CRI";"PAN"
"201";"CRI_SLV";FALSE;TRUE;"sea";"CRI";"SLV"
"202";"CUB_BHS";FALSE;TRUE;"sea";"CUB";"BHS"
"203";"CUB_CYM";FALSE;TRUE;"sea";"CUB";"CYM"
"204";"CUB_HTI";FALSE;TRUE;"sea";"CUB";"HTI"
"205";"CUB_JAM";FALSE;TRUE;"sea";"CUB";"JAM"
"206";"CUB_MEX";FALSE;TRUE;"sea";"CUB";"MEX"
"207";"CUB_USA";FALSE;TRUE;"sea";"CUB";"USA"
"208";"CUW_ABW";FALSE;TRUE;"sea";"CUW";"ABW"
"209";"CUW_DOM";FALSE;TRUE;"sea";"CUW";"DOM"
"210";"CUW_PRI";FALSE;TRUE;"sea";"CUW";"PRI"
"211";"CUW_VEN";FALSE;TRUE;"sea";"CUW";"VEN"
"212";"CYM_CUB";FALSE;TRUE;"sea";"CYM";"CUB"
"213";"CYM_HND";FALSE;TRUE;"sea";"CYM";"HND"
"214";"CYM_JAM";FALSE;TRUE;"sea";"CYM";"JAM"
"215";"CYM_MEX";FALSE;TRUE;"sea";"CYM";"MEX"
"216";"CYP_EGY";FALSE;TRUE;"sea";"CYP";"EGY"
"217";"CYP_GRC";FALSE;TRUE;"sea";"CYP";"GRC"
"218";"CYP_LBN";FALSE;TRUE;"sea";"CYP";"LBN"
"219";"CYP_TUR";FALSE;TRUE;"sea";"CYP";"TUR"
"220";"CYP_XAD";TRUE;TRUE;"hybrid";"CYP";"XAD"
"221";"CYP_XNC";TRUE;TRUE;"hybrid";"CYP";"XNC"
"222";"CZE_AUT";TRUE;FALSE;"land";"CZE";"AUT"
"223";"CZE_DEU";TRUE;FALSE;"land";"CZE";"DEU"
"224";"CZE_POL";TRUE;FALSE;"land";"CZE";"POL"
"225";"CZE_SVK";TRUE;FALSE;"land";"CZE";"SVK"
"226";"DEU_AUT";TRUE;FALSE;"land";"DEU";"AUT"
"227";"DEU_BEL";TRUE;FALSE;"land";"DEU";"BEL"
"228";"DEU_CHE";TRUE;FALSE;"land";"DEU";"CHE"
"229";"DEU_CZE";TRUE;FALSE;"land";"DEU";"CZE"
"230";"DEU_DNK";TRUE;TRUE;"hybrid";"DEU";"DNK"
"231";"DEU_FRA";TRUE;FALSE;"land";"DEU";"FRA"
"232";"DEU_LUX";TRUE;FALSE;"land";"DEU";"LUX"
"233";"DEU_NLD";TRUE;TRUE;"hybrid";"DEU";"NLD"
"234";"DEU_POL";TRUE;TRUE;"hybrid";"DEU";"POL"
"235";"DEU_SWE";FALSE;TRUE;"sea";"DEU";"SWE"
"236";"DJI_ERI";TRUE;FALSE;"land";"DJI";"ERI"
"237";"DJI_ETH";TRUE;FALSE;"land";"DJI";"ETH"
"238";"DJI_SOM";TRUE;TRUE;"hybrid";"DJI";"SOM"
"239";"DJI_YEM";FALSE;TRUE;"sea";"DJI";"YEM"
"240";"DMA_GLP";FALSE;TRUE;"sea";"DMA";"GLP"
"241";"DMA_MTQ";FALSE;TRUE;"sea";"DMA";"MTQ"
"242";"DMA_VCT";FALSE;TRUE;"sea";"DMA";"VCT"
"243";"DMA_VIR";FALSE;TRUE;"sea";"DMA";"VIR"
"244";"DNK_DEU";TRUE;TRUE;"hybrid";"DNK";"DEU"
"245";"DNK_GBR";FALSE;TRUE;"sea";"DNK";"GBR"
"246";"DNK_NLD";FALSE;TRUE;"sea";"DNK";"NLD"
"247";"DNK_NOR";FALSE;TRUE;"sea";"DNK";"NOR"
"248";"DNK_POL";FALSE;TRUE;"sea";"DNK";"POL"
"249";"DNK_SWE";FALSE;TRUE;"sea";"DNK";"SWE"
"250";"DOM_ABW";FALSE;TRUE;"sea";"DOM";"ABW"
"251";"DOM_BHS";FALSE;TRUE;"sea";"DOM";"BHS"
"252";"DOM_COL";FALSE;TRUE;"sea";"DOM";"COL"
"253";"DOM_CUW";FALSE;TRUE;"sea";"DOM";"CUW"
"254";"DOM_HTI";TRUE;TRUE;"hybrid";"DOM";"HTI"
"255";"DOM_PRI";FALSE;TRUE;"sea";"DOM";"PRI"
"256";"DOM_TCA";FALSE;TRUE;"sea";"DOM";"TCA"
"257";"DZA_ESH";TRUE;FALSE;"land";"DZA";"ESH"
"258";"DZA_ESP";FALSE;TRUE;"sea";"DZA";"ESP"
"259";"DZA_ITA";FALSE;TRUE;"sea";"DZA";"ITA"
"260";"DZA_LBY";TRUE;FALSE;"land";"DZA";"LBY"
"261";"DZA_MAR";TRUE;TRUE;"hybrid";"DZA";"MAR"
"262";"DZA_MLI";TRUE;FALSE;"land";"DZA";"MLI"
"263";"DZA_MRT";TRUE;FALSE;"land";"DZA";"MRT"
"264";"DZA_NER";TRUE;FALSE;"land";"DZA";"NER"
"265";"DZA_TUN";TRUE;TRUE;"hybrid";"DZA";"TUN"
"266";"ECU_COL";TRUE;TRUE;"hybrid";"ECU";"COL"
"267";"ECU_PER";TRUE;TRUE;"hybrid";"ECU";"PER"
"268";"EGY_CYP";FALSE;TRUE;"sea";"EGY";"CYP"
"269";"EGY_GRC";FALSE;TRUE;"sea";"EGY";"GRC"
"270";"EGY_ISR";TRUE;TRUE;"hybrid";"EGY";"ISR"
"271";"EGY_LBY";TRUE;TRUE;"hybrid";"EGY";"LBY"
"272";"EGY_PSE";TRUE;FALSE;"land";"EGY";"PSE"
"273";"EGY_SAU";FALSE;TRUE;"sea";"EGY";"SAU"
"274";"EGY_SDN";TRUE;TRUE;"hybrid";"EGY";"SDN"
"275";"EGY_XAD";FALSE;TRUE;"sea";"EGY";"XAD"
"276";"ERI_DJI";TRUE;FALSE;"land";"ERI";"DJI"
"277";"ERI_ETH";TRUE;FALSE;"land";"ERI";"ETH"
"278";"ERI_SAU";FALSE;TRUE;"sea";"ERI";"SAU"
"279";"ERI_SDN";TRUE;TRUE;"hybrid";"ERI";"SDN"
"280";"ERI_YEM";FALSE;TRUE;"sea";"ERI";"YEM"
"281";"ESH_DZA";TRUE;FALSE;"land";"ESH";"DZA"
"282";"ESH_ESP";FALSE;TRUE;"sea";"ESH";"ESP"
"283";"ESH_MAR";TRUE;TRUE;"hybrid";"ESH";"MAR"
"284";"ESH_MRT";TRUE;TRUE;"hybrid";"ESH";"MRT"
"285";"ESP_AND";TRUE;FALSE;"land";"ESP";"AND"
"286";"ESP_DZA";FALSE;TRUE;"sea";"ESP";"DZA"
"287";"ESP_ESH";FALSE;TRUE;"sea";"ESP";"ESH"
"288";"ESP_FRA";TRUE;TRUE;"hybrid";"ESP";"FRA"
"289";"ESP_ITA";FALSE;TRUE;"sea";"ESP";"ITA"
"290";"ESP_MAR";FALSE;TRUE;"sea";"ESP";"MAR"
"291";"ESP_PRT";TRUE;TRUE;"hybrid";"ESP";"PRT"
"292";"EST_ALA";FALSE;TRUE;"sea";"EST";"ALA"
"293";"EST_FIN";FALSE;TRUE;"sea";"EST";"FIN"
"294";"EST_LVA";TRUE;TRUE;"hybrid";"EST";"LVA"
"295";"EST_RUS";TRUE;TRUE;"hybrid";"EST";"RUS"
"296";"ETH_DJI";TRUE;FALSE;"land";"ETH";"DJI"
"297";"ETH_ERI";TRUE;FALSE;"land";"ETH";"ERI"
"298";"ETH_KEN";TRUE;FALSE;"land";"ETH";"KEN"
"299";"ETH_SDN";TRUE;FALSE;"land";"ETH";"SDN"
"300";"ETH_SOM";TRUE;FALSE;"land";"ETH";"SOM"
"301";"ETH_SSD";TRUE;FALSE;"land";"ETH";"SSD"
"302";"FIN_ALA";FALSE;TRUE;"sea";"FIN";"ALA"
"303";"FIN_EST";FALSE;TRUE;"sea";"FIN";"EST"
"304";"FIN_NOR";TRUE;FALSE;"land";"FIN";"NOR"
"305";"FIN_RUS";TRUE;TRUE;"hybrid";"FIN";"RUS"
"306";"FIN_SWE";TRUE;FALSE;"land";"FIN";"SWE"
"307";"FJI_VUT";FALSE;TRUE;"sea";"FJI";"VUT"
"308";"FJI_WSM";FALSE;TRUE;"sea";"FJI";"WSM"
"309";"FLK_ARG";FALSE;TRUE;"sea";"FLK";"ARG"
"310";"FRA_AND";TRUE;FALSE;"land";"FRA";"AND"
"311";"FRA_BEL";TRUE;TRUE;"hybrid";"FRA";"BEL"
"312";"FRA_CHE";TRUE;FALSE;"land";"FRA";"CHE"
"313";"FRA_DEU";TRUE;FALSE;"land";"FRA";"DEU"
"314";"FRA_ESP";TRUE;TRUE;"hybrid";"FRA";"ESP"
"315";"FRA_GBR";FALSE;TRUE;"sea";"FRA";"GBR"
"316";"FRA_IRL";FALSE;TRUE;"sea";"FRA";"IRL"
"317";"FRA_ITA";TRUE;TRUE;"hybrid";"FRA";"ITA"
"318";"FRA_LUX";TRUE;FALSE;"land";"FRA";"LUX"
"319";"FRO_GBR";FALSE;TRUE;"sea";"FRO";"GBR"
"320";"FRO_ISL";FALSE;TRUE;"sea";"FRO";"ISL"
"321";"GAB_CMR";TRUE;FALSE;"land";"GAB";"CMR"
"322";"GAB_COG";TRUE;TRUE;"hybrid";"GAB";"COG"
"323";"GAB_GNQ";TRUE;TRUE;"hybrid";"GAB";"GNQ"
"324";"GAB_STP";FALSE;TRUE;"sea";"GAB";"STP"
"325";"GBR_BEL";FALSE;TRUE;"sea";"GBR";"BEL"
"326";"GBR_DNK";FALSE;TRUE;"sea";"GBR";"DNK"
"327";"GBR_FRA";FALSE;TRUE;"sea";"GBR";"FRA"
"328";"GBR_FRO";FALSE;TRUE;"sea";"GBR";"FRO"
"329";"GBR_IMN";FALSE;TRUE;"sea";"GBR";"IMN"
"330";"GBR_IRL";TRUE;TRUE;"hybrid";"GBR";"IRL"
"331";"GBR_NLD";FALSE;TRUE;"sea";"GBR";"NLD"
"332";"GBR_NOR";FALSE;TRUE;"sea";"GBR";"NOR"
"333";"GEO_ARM";TRUE;FALSE;"land";"GEO";"ARM"
"334";"GEO_AZE";TRUE;FALSE;"land";"GEO";"AZE"
"335";"GEO_RUS";TRUE;TRUE;"hybrid";"GEO";"RUS"
"336";"GEO_TUR";TRUE;TRUE;"hybrid";"GEO";"TUR"
"337";"GHA_BEN";FALSE;TRUE;"sea";"GHA";"BEN"
"338";"GHA_BFA";TRUE;FALSE;"land";"GHA";"BFA"
"339";"GHA_CIV";TRUE;TRUE;"hybrid";"GHA";"CIV"
"340";"GHA_NGA";FALSE;TRUE;"sea";"GHA";"NGA"
"341";"GHA_TGO";TRUE;TRUE;"hybrid";"GHA";"TGO"
"342";"GIN_CIV";TRUE;FALSE;"land";"GIN";"CIV"
"343";"GIN_GNB";TRUE;TRUE;"hybrid";"GIN";"GNB"
"344";"GIN_LBR";TRUE;FALSE;"land";"GIN";"LBR"
"345";"GIN_MLI";TRUE;FALSE;"land";"GIN";"MLI"
"346";"GIN_SEN";TRUE;FALSE;"land";"GIN";"SEN"
"347";"GIN_SLE";TRUE;TRUE;"hybrid";"GIN";"SLE"
"348";"GLP_DMA";FALSE;TRUE;"sea";"GLP";"DMA"
"349";"GLP_KNA";FALSE;TRUE;"sea";"GLP";"KNA"
"350";"GLP_MTQ";FALSE;TRUE;"sea";"GLP";"MTQ"
"351";"GLP_VIR";FALSE;TRUE;"sea";"GLP";"VIR"
"352";"GMB_SEN";TRUE;TRUE;"hybrid";"GMB";"SEN"
"353";"GNB_GIN";TRUE;TRUE;"hybrid";"GNB";"GIN"
"354";"GNB_SEN";TRUE;TRUE;"hybrid";"GNB";"SEN"
"355";"GNB_SLE";FALSE;TRUE;"sea";"GNB";"SLE"
"356";"GNQ_CMR";TRUE;TRUE;"hybrid";"GNQ";"CMR"
"357";"GNQ_GAB";TRUE;TRUE;"hybrid";"GNQ";"GAB"
"358";"GNQ_NGA";FALSE;TRUE;"sea";"GNQ";"NGA"
"359";"GNQ_STP";FALSE;TRUE;"sea";"GNQ";"STP"
"360";"GRC_ALB";TRUE;TRUE;"hybrid";"GRC";"ALB"
"361";"GRC_BGR";TRUE;FALSE;"land";"GRC";"BGR"
"362";"GRC_CYP";FALSE;TRUE;"sea";"GRC";"CYP"
"363";"GRC_EGY";FALSE;TRUE;"sea";"GRC";"EGY"
"364";"GRC_ITA";FALSE;TRUE;"sea";"GRC";"ITA"
"365";"GRC_LBY";FALSE;TRUE;"sea";"GRC";"LBY"
"366";"GRC_MKD";TRUE;FALSE;"land";"GRC";"MKD"
"367";"GRC_TUR";TRUE;TRUE;"hybrid";"GRC";"TUR"
"368";"GRD_TTO";FALSE;TRUE;"sea";"GRD";"TTO"
"369";"GRD_VCT";FALSE;TRUE;"sea";"GRD";"VCT"
"370";"GRD_VEN";FALSE;TRUE;"sea";"GRD";"VEN"
"371";"GRL_CAN";FALSE;TRUE;"sea";"GRL";"CAN"
"372";"GRL_ISL";FALSE;TRUE;"sea";"GRL";"ISL"
"373";"GRL_SJM";FALSE;TRUE;"sea";"GRL";"SJM"
"374";"GTM_BLZ";TRUE;TRUE;"hybrid";"GTM";"BLZ"
"375";"GTM_HND";TRUE;TRUE;"hybrid";"GTM";"HND"
"376";"GTM_MEX";TRUE;TRUE;"hybrid";"GTM";"MEX"
"377";"GTM_SLV";TRUE;TRUE;"hybrid";"GTM";"SLV"
"378";"GUF_BRA";TRUE;TRUE;"hybrid";"GUF";"BRA"
"379";"GUF_SUR";TRUE;TRUE;"hybrid";"GUF";"SUR"
"380";"GUM_MNP";FALSE;TRUE;"sea";"GUM";"MNP"
"381";"GUY_BRA";TRUE;FALSE;"land";"GUY";"BRA"
"382";"GUY_SUR";TRUE;TRUE;"hybrid";"GUY";"SUR"
"383";"GUY_TTO";FALSE;TRUE;"sea";"GUY";"TTO"
"384";"GUY_VEN";TRUE;TRUE;"hybrid";"GUY";"VEN"
"385";"HKG_CHN";TRUE;TRUE;"hybrid";"HKG";"CHN"
"386";"HKG_MAC";FALSE;TRUE;"sea";"HKG";"MAC"
"387";"HMD_ATF";FALSE;TRUE;"sea";"HMD";"ATF"
"388";"HND_CYM";FALSE;TRUE;"sea";"HND";"CYM"
"389";"HND_GTM";TRUE;TRUE;"hybrid";"HND";"GTM"
"390";"HND_JAM";FALSE;TRUE;"sea";"HND";"JAM"
"391";"HND_MEX";FALSE;TRUE;"sea";"HND";"MEX"
"392";"HND_NIC";TRUE;TRUE;"hybrid";"HND";"NIC"
"393";"HND_SLV";TRUE;TRUE;"hybrid";"HND";"SLV"
"394";"HRV_BIH";TRUE;TRUE;"hybrid";"HRV";"BIH"
"395";"HRV_HUN";TRUE;FALSE;"land";"HRV";"HUN"
"396";"HRV_ITA";FALSE;TRUE;"sea";"HRV";"ITA"
"397";"HRV_MNE";TRUE;TRUE;"hybrid";"HRV";"MNE"
"398";"HRV_SRB";TRUE;FALSE;"land";"HRV";"SRB"
"399";"HRV_SVN";TRUE;FALSE;"land";"HRV";"SVN"
"400";"HTI_BHS";FALSE;TRUE;"sea";"HTI";"BHS"
"401";"HTI_COL";FALSE;TRUE;"sea";"HTI";"COL"
"402";"HTI_CUB";FALSE;TRUE;"sea";"HTI";"CUB"
"403";"HTI_DOM";TRUE;TRUE;"hybrid";"HTI";"DOM"
"404";"HTI_JAM";FALSE;TRUE;"sea";"HTI";"JAM"
"405";"HUN_AUT";TRUE;FALSE;"land";"HUN";"AUT"
"406";"HUN_HRV";TRUE;FALSE;"land";"HUN";"HRV"
"407";"HUN_ROU";TRUE;FALSE;"land";"HUN";"ROU"
"408";"HUN_SRB";TRUE;FALSE;"land";"HUN";"SRB"
"409";"HUN_SVK";TRUE;FALSE;"land";"HUN";"SVK"
"410";"HUN_SVN";TRUE;FALSE;"land";"HUN";"SVN"
"411";"HUN_UKR";TRUE;FALSE;"land";"HUN";"UKR"
"412";"IDN_AUS";FALSE;TRUE;"sea";"IDN";"AUS"
"413";"IDN_IND";FALSE;TRUE;"sea";"IDN";"IND"
"414";"IDN_MYS";TRUE;TRUE;"hybrid";"IDN";"MYS"
"415";"IDN_PHL";FALSE;TRUE;"sea";"IDN";"PHL"
"416";"IDN_PLW";FALSE;TRUE;"sea";"IDN";"PLW"
"417";"IDN_PNG";TRUE;TRUE;"hybrid";"IDN";"PNG"
"418";"IDN_SGP";FALSE;TRUE;"sea";"IDN";"SGP"
"419";"IDN_THA";FALSE;TRUE;"sea";"IDN";"THA"
"420";"IDN_TLS";TRUE;TRUE;"hybrid";"IDN";"TLS"
"421";"IDN_VNM";FALSE;TRUE;"sea";"IDN";"VNM"
"422";"IMN_GBR";FALSE;TRUE;"sea";"IMN";"GBR"
"423";"IMN_IRL";FALSE;TRUE;"sea";"IMN";"IRL"
"424";"IND_BGD";TRUE;TRUE;"hybrid";"IND";"BGD"
"425";"IND_BTN";TRUE;FALSE;"land";"IND";"BTN"
"426";"IND_CHN";TRUE;FALSE;"land";"IND";"CHN"
"427";"IND_IDN";FALSE;TRUE;"sea";"IND";"IDN"
"428";"IND_LKA";FALSE;TRUE;"sea";"IND";"LKA"
"429";"IND_MMR";TRUE;TRUE;"hybrid";"IND";"MMR"
"430";"IND_NPL";TRUE;FALSE;"land";"IND";"NPL"
"431";"IND_PAK";TRUE;TRUE;"hybrid";"IND";"PAK"
"432";"IND_THA";FALSE;TRUE;"sea";"IND";"THA"
"433";"IRL_FRA";FALSE;TRUE;"sea";"IRL";"FRA"
"434";"IRL_GBR";TRUE;TRUE;"hybrid";"IRL";"GBR"
"435";"IRL_IMN";FALSE;TRUE;"sea";"IRL";"IMN"
"436";"IRN_AFG";TRUE;FALSE;"land";"IRN";"AFG"
"437";"IRN_ARE";FALSE;TRUE;"sea";"IRN";"ARE"
"438";"IRN_ARM";TRUE;FALSE;"land";"IRN";"ARM"
"439";"IRN_AZE";TRUE;FALSE;"land";"IRN";"AZE"
"440";"IRN_BHR";FALSE;TRUE;"sea";"IRN";"BHR"
"441";"IRN_IRQ";TRUE;TRUE;"hybrid";"IRN";"IRQ"
"442";"IRN_KWT";FALSE;TRUE;"sea";"IRN";"KWT"
"443";"IRN_OMN";FALSE;TRUE;"sea";"IRN";"OMN"
"444";"IRN_PAK";TRUE;TRUE;"hybrid";"IRN";"PAK"
"445";"IRN_QAT";FALSE;TRUE;"sea";"IRN";"QAT"
"446";"IRN_SAU";FALSE;TRUE;"sea";"IRN";"SAU"
"447";"IRN_TKM";TRUE;FALSE;"land";"IRN";"TKM"
"448";"IRN_TUR";TRUE;FALSE;"land";"IRN";"TUR"
"449";"IRN_XCA";TRUE;FALSE;"land";"IRN";"XCA"
"450";"IRQ_IRN";TRUE;TRUE;"hybrid";"IRQ";"IRN"
"451";"IRQ_JOR";TRUE;FALSE;"land";"IRQ";"JOR"
"452";"IRQ_KWT";TRUE;TRUE;"hybrid";"IRQ";"KWT"
"453";"IRQ_SAU";TRUE;FALSE;"land";"IRQ";"SAU"
"454";"IRQ_SYR";TRUE;FALSE;"land";"IRQ";"SYR"
"455";"IRQ_TUR";TRUE;FALSE;"land";"IRQ";"TUR"
"456";"ISL_FRO";FALSE;TRUE;"sea";"ISL";"FRO"
"457";"ISL_GRL";FALSE;TRUE;"sea";"ISL";"GRL"
"458";"ISL_SJM";FALSE;TRUE;"sea";"ISL";"SJM"
"459";"ISR_EGY";TRUE;TRUE;"hybrid";"ISR";"EGY"
"460";"ISR_JOR";TRUE;FALSE;"land";"ISR";"JOR"
"461";"ISR_LBN";TRUE;TRUE;"hybrid";"ISR";"LBN"
"462";"ISR_PSE";TRUE;FALSE;"land";"ISR";"PSE"
"463";"ISR_SYR";TRUE;FALSE;"land";"ISR";"SYR"
"464";"ISR_XAD";FALSE;TRUE;"sea";"ISR";"XAD"
"465";"ITA_ALB";FALSE;TRUE;"sea";"ITA";"ALB"
"466";"ITA_AUT";TRUE;FALSE;"land";"ITA";"AUT"
"467";"ITA_CHE";TRUE;FALSE;"land";"ITA";"CHE"
"468";"ITA_DZA";FALSE;TRUE;"sea";"ITA";"DZA"
"469";"ITA_ESP";FALSE;TRUE;"sea";"ITA";"ESP"
"470";"ITA_FRA";TRUE;TRUE;"hybrid";"ITA";"FRA"
"471";"ITA_GRC";FALSE;TRUE;"sea";"ITA";"GRC"
"472";"ITA_HRV";FALSE;TRUE;"sea";"ITA";"HRV"
"473";"ITA_LBY";FALSE;TRUE;"sea";"ITA";"LBY"
"474";"ITA_MNE";FALSE;TRUE;"sea";"ITA";"MNE"
"475";"ITA_SVN";TRUE;FALSE;"land";"ITA";"SVN"
"476";"ITA_TUN";FALSE;TRUE;"sea";"ITA";"TUN"
"477";"JAM_COL";FALSE;TRUE;"sea";"JAM";"COL"
"478";"JAM_CUB";FALSE;TRUE;"sea";"JAM";"CUB"
"479";"JAM_CYM";FALSE;TRUE;"sea";"JAM";"CYM"
"480";"JAM_HND";FALSE;TRUE;"sea";"JAM";"HND"
"481";"JAM_HTI";FALSE;TRUE;"sea";"JAM";"HTI"
"482";"JOR_IRQ";TRUE;FALSE;"land";"JOR";"IRQ"
"483";"JOR_ISR";TRUE;FALSE;"land";"JOR";"ISR"
"484";"JOR_PSE";TRUE;FALSE;"land";"JOR";"PSE"
"485";"JOR_SAU";TRUE;FALSE;"land";"JOR";"SAU"
"486";"JOR_SYR";TRUE;FALSE;"land";"JOR";"SYR"
"487";"JPN_CHN";FALSE;TRUE;"sea";"JPN";"CHN"
"488";"JPN_KOR";FALSE;TRUE;"sea";"JPN";"KOR"
"489";"JPN_PHL";FALSE;TRUE;"sea";"JPN";"PHL"
"490";"JPN_RUS";FALSE;TRUE;"sea";"JPN";"RUS"
"491";"JPN_TWN";FALSE;TRUE;"sea";"JPN";"TWN"
"492";"KAZ_CHN";TRUE;FALSE;"land";"KAZ";"CHN"
"493";"KAZ_KGZ";TRUE;FALSE;"land";"KAZ";"KGZ"
"494";"KAZ_RUS";TRUE;FALSE;"land";"KAZ";"RUS"
"495";"KAZ_TKM";TRUE;FALSE;"land";"KAZ";"TKM"
"496";"KAZ_UZB";TRUE;FALSE;"land";"KAZ";"UZB"
"497";"KAZ_XCA";TRUE;FALSE;"land";"KAZ";"XCA"
"498";"KEN_ETH";TRUE;FALSE;"land";"KEN";"ETH"
"499";"KEN_SOM";TRUE;TRUE;"hybrid";"KEN";"SOM"
"500";"KEN_SSD";TRUE;FALSE;"land";"KEN";"SSD"
"501";"KEN_TZA";TRUE;TRUE;"hybrid";"KEN";"TZA"
"502";"KEN_UGA";TRUE;FALSE;"land";"KEN";"UGA"
"503";"KGZ_CHN";TRUE;FALSE;"land";"KGZ";"CHN"
"504";"KGZ_KAZ";TRUE;FALSE;"land";"KGZ";"KAZ"
"505";"KGZ_TJK";TRUE;FALSE;"land";"KGZ";"TJK"
"506";"KGZ_UZB";TRUE;FALSE;"land";"KGZ";"UZB"
"507";"KHM_LAO";TRUE;FALSE;"land";"KHM";"LAO"
"508";"KHM_THA";TRUE;TRUE;"hybrid";"KHM";"THA"
"509";"KHM_VNM";TRUE;TRUE;"hybrid";"KHM";"VNM"
"510";"KNA_GLP";FALSE;TRUE;"sea";"KNA";"GLP"
"511";"KNA_VIR";FALSE;TRUE;"sea";"KNA";"VIR"
"512";"KOR_CHN";FALSE;TRUE;"sea";"KOR";"CHN"
"513";"KOR_JPN";FALSE;TRUE;"sea";"KOR";"JPN"
"514";"KOR_PRK";TRUE;TRUE;"hybrid";"KOR";"PRK"
"515";"KOR_RUS";FALSE;TRUE;"sea";"KOR";"RUS"
"516";"KWT_IRN";FALSE;TRUE;"sea";"KWT";"IRN"
"517";"KWT_IRQ";TRUE;TRUE;"hybrid";"KWT";"IRQ"
"518";"KWT_SAU";TRUE;TRUE;"hybrid";"KWT";"SAU"
"519";"LAO_CHN";TRUE;FALSE;"land";"LAO";"CHN"
"520";"LAO_KHM";TRUE;FALSE;"land";"LAO";"KHM"
"521";"LAO_MMR";TRUE;FALSE;"land";"LAO";"MMR"
"522";"LAO_THA";TRUE;FALSE;"land";"LAO";"THA"
"523";"LAO_VNM";TRUE;FALSE;"land";"LAO";"VNM"
"524";"LBN_CYP";FALSE;TRUE;"sea";"LBN";"CYP"
"525";"LBN_ISR";TRUE;TRUE;"hybrid";"LBN";"ISR"
"526";"LBN_SYR";TRUE;TRUE;"hybrid";"LBN";"SYR"
"527";"LBN_XAD";FALSE;TRUE;"sea";"LBN";"XAD"
"528";"LBN_XNC";FALSE;TRUE;"sea";"LBN";"XNC"
"529";"LBR_CIV";TRUE;TRUE;"hybrid";"LBR";"CIV"
"530";"LBR_GIN";TRUE;FALSE;"land";"LBR";"GIN"
"531";"LBR_SLE";TRUE;TRUE;"hybrid";"LBR";"SLE"
"532";"LBY_DZA";TRUE;FALSE;"land";"LBY";"DZA"
"533";"LBY_EGY";TRUE;TRUE;"hybrid";"LBY";"EGY"
"534";"LBY_GRC";FALSE;TRUE;"sea";"LBY";"GRC"
"535";"LBY_ITA";FALSE;TRUE;"sea";"LBY";"ITA"
"536";"LBY_NER";TRUE;FALSE;"land";"LBY";"NER"
"537";"LBY_SDN";TRUE;FALSE;"land";"LBY";"SDN"
"538";"LBY_TCD";TRUE;FALSE;"land";"LBY";"TCD"
"539";"LBY_TUN";TRUE;TRUE;"hybrid";"LBY";"TUN"
"540";"LIE_AUT";TRUE;FALSE;"land";"LIE";"AUT"
"541";"LIE_CHE";TRUE;FALSE;"land";"LIE";"CHE"
"542";"LKA_IND";FALSE;TRUE;"sea";"LKA";"IND"
"543";"LSO_ZAF";TRUE;FALSE;"land";"LSO";"ZAF"
"544";"LTU_BLR";TRUE;FALSE;"land";"LTU";"BLR"
"545";"LTU_LVA";TRUE;TRUE;"hybrid";"LTU";"LVA"
"546";"LTU_POL";TRUE;FALSE;"land";"LTU";"POL"
"547";"LTU_RUS";TRUE;TRUE;"hybrid";"LTU";"RUS"
"548";"LUX_BEL";TRUE;FALSE;"land";"LUX";"BEL"
"549";"LUX_DEU";TRUE;FALSE;"land";"LUX";"DEU"
"550";"LUX_FRA";TRUE;FALSE;"land";"LUX";"FRA"
"551";"LVA_BLR";TRUE;FALSE;"land";"LVA";"BLR"
"552";"LVA_EST";TRUE;TRUE;"hybrid";"LVA";"EST"
"553";"LVA_LTU";TRUE;TRUE;"hybrid";"LVA";"LTU"
"554";"LVA_POL";FALSE;TRUE;"sea";"LVA";"POL"
"555";"LVA_RUS";TRUE;TRUE;"hybrid";"LVA";"RUS"
"556";"MAC_CHN";TRUE;TRUE;"hybrid";"MAC";"CHN"
"557";"MAC_HKG";FALSE;TRUE;"sea";"MAC";"HKG"
"558";"MAF_SXM";TRUE;FALSE;"land";"MAF";"SXM"
"559";"MAR_DZA";TRUE;TRUE;"hybrid";"MAR";"DZA"
"560";"MAR_ESH";TRUE;TRUE;"hybrid";"MAR";"ESH"
"561";"MAR_ESP";FALSE;TRUE;"sea";"MAR";"ESP"
"562";"MAR_PRT";FALSE;TRUE;"sea";"MAR";"PRT"
"563";"MDA_ROU";TRUE;FALSE;"land";"MDA";"ROU"
"564";"MDA_UKR";TRUE;FALSE;"land";"MDA";"UKR"
"565";"MDG_COM";FALSE;TRUE;"sea";"MDG";"COM"
"566";"MDG_MOZ";FALSE;TRUE;"sea";"MDG";"MOZ"
"567";"MDG_MUS";FALSE;TRUE;"sea";"MDG";"MUS"
"568";"MDG_MYT";FALSE;TRUE;"sea";"MDG";"MYT"
"569";"MDG_REU";FALSE;TRUE;"sea";"MDG";"REU"
"570";"MEX_BLZ";TRUE;TRUE;"hybrid";"MEX";"BLZ"
"571";"MEX_CUB";FALSE;TRUE;"sea";"MEX";"CUB"
"572";"MEX_CYM";FALSE;TRUE;"sea";"MEX";"CYM"
"573";"MEX_GTM";TRUE;TRUE;"hybrid";"MEX";"GTM"
"574";"MEX_HND";FALSE;TRUE;"sea";"MEX";"HND"
"575";"MEX_USA";TRUE;TRUE;"hybrid";"MEX";"USA"
"576";"MKD_ALB";TRUE;FALSE;"land";"MKD";"ALB"
"577";"MKD_BGR";TRUE;FALSE;"land";"MKD";"BGR"
"578";"MKD_GRC";TRUE;FALSE;"land";"MKD";"GRC"
"579";"MKD_SRB";TRUE;FALSE;"land";"MKD";"SRB"
"580";"MKD_XKO";TRUE;FALSE;"land";"MKD";"XKO"
"581";"MLI_BFA";TRUE;FALSE;"land";"MLI";"BFA"
"582";"MLI_CIV";TRUE;FALSE;"land";"MLI";"CIV"
"583";"MLI_DZA";TRUE;FALSE;"land";"MLI";"DZA"
"584";"MLI_GIN";TRUE;FALSE;"land";"MLI";"GIN"
"585";"MLI_MRT";TRUE;FALSE;"land";"MLI";"MRT"
"586";"MLI_NER";TRUE;FALSE;"land";"MLI";"NER"
"587";"MLI_SEN";TRUE;FALSE;"land";"MLI";"SEN"
"588";"MMR_BGD";TRUE;TRUE;"hybrid";"MMR";"BGD"
"589";"MMR_CHN";TRUE;FALSE;"land";"MMR";"CHN"
"590";"MMR_IND";TRUE;TRUE;"hybrid";"MMR";"IND"
"591";"MMR_LAO";TRUE;FALSE;"land";"MMR";"LAO"
"592";"MMR_THA";TRUE;TRUE;"hybrid";"MMR";"THA"
"593";"MNE_ALB";TRUE;TRUE;"hybrid";"MNE";"ALB"
"594";"MNE_BIH";TRUE;TRUE;"hybrid";"MNE";"BIH"
"595";"MNE_HRV";TRUE;TRUE;"hybrid";"MNE";"HRV"
"596";"MNE_ITA";FALSE;TRUE;"sea";"MNE";"ITA"
"597";"MNE_SRB";TRUE;FALSE;"land";"MNE";"SRB"
"598";"MNE_XKO";TRUE;FALSE;"land";"MNE";"XKO"
"599";"MNG_CHN";TRUE;FALSE;"land";"MNG";"CHN"
"600";"MNG_RUS";TRUE;FALSE;"land";"MNG";"RUS"
"601";"MNP_GUM";FALSE;TRUE;"sea";"MNP";"GUM"
"602";"MOZ_COM";FALSE;TRUE;"sea";"MOZ";"COM"
"603";"MOZ_MDG";FALSE;TRUE;"sea";"MOZ";"MDG"
"604";"MOZ_MWI";TRUE;FALSE;"land";"MOZ";"MWI"
"605";"MOZ_MYT";FALSE;TRUE;"sea";"MOZ";"MYT"
"606";"MOZ_SWZ";TRUE;FALSE;"land";"MOZ";"SWZ"
"607";"MOZ_TZA";TRUE;TRUE;"hybrid";"MOZ";"TZA"
"608";"MOZ_ZAF";TRUE;TRUE;"hybrid";"MOZ";"ZAF"
"609";"MOZ_ZMB";TRUE;FALSE;"land";"MOZ";"ZMB"
"610";"MOZ_ZWE";TRUE;FALSE;"land";"MOZ";"ZWE"
"611";"MRT_CPV";FALSE;TRUE;"sea";"MRT";"CPV"
"612";"MRT_DZA";TRUE;FALSE;"land";"MRT";"DZA"
"613";"MRT_ESH";TRUE;TRUE;"hybrid";"MRT";"ESH"
"614";"MRT_MLI";TRUE;FALSE;"land";"MRT";"MLI"
"615";"MRT_SEN";TRUE;TRUE;"hybrid";"MRT";"SEN"
"616";"MTQ_DMA";FALSE;TRUE;"sea";"MTQ";"DMA"
"617";"MTQ_GLP";FALSE;TRUE;"sea";"MTQ";"GLP"
"618";"MTQ_VCT";FALSE;TRUE;"sea";"MTQ";"VCT"
"619";"MUS_MDG";FALSE;TRUE;"sea";"MUS";"MDG"
"620";"MUS_REU";FALSE;TRUE;"sea";"MUS";"REU"
"621";"MWI_MOZ";TRUE;FALSE;"land";"MWI";"MOZ"
"622";"MWI_TZA";TRUE;FALSE;"land";"MWI";"TZA"
"623";"MWI_ZMB";TRUE;FALSE;"land";"MWI";"ZMB"
"624";"MYS_BRN";TRUE;TRUE;"hybrid";"MYS";"BRN"
"625";"MYS_IDN";TRUE;TRUE;"hybrid";"MYS";"IDN"
"626";"MYS_PHL";FALSE;TRUE;"sea";"MYS";"PHL"
"627";"MYS_SGP";FALSE;TRUE;"sea";"MYS";"SGP"
"628";"MYS_THA";TRUE;TRUE;"hybrid";"MYS";"THA"
"629";"MYS_VNM";FALSE;TRUE;"sea";"MYS";"VNM"
"630";"MYT_COM";FALSE;TRUE;"sea";"MYT";"COM"
"631";"MYT_MDG";FALSE;TRUE;"sea";"MYT";"MDG"
"632";"MYT_MOZ";FALSE;TRUE;"sea";"MYT";"MOZ"
"633";"NAM_AGO";TRUE;TRUE;"hybrid";"NAM";"AGO"
"634";"NAM_BWA";TRUE;FALSE;"land";"NAM";"BWA"
"635";"NAM_ZAF";TRUE;TRUE;"hybrid";"NAM";"ZAF"
"636";"NAM_ZMB";TRUE;FALSE;"land";"NAM";"ZMB"
"637";"NCL_VUT";FALSE;TRUE;"sea";"NCL";"VUT"
"638";"NER_BEN";TRUE;FALSE;"land";"NER";"BEN"
"639";"NER_BFA";TRUE;FALSE;"land";"NER";"BFA"
"640";"NER_DZA";TRUE;FALSE;"land";"NER";"DZA"
"641";"NER_LBY";TRUE;FALSE;"land";"NER";"LBY"
"642";"NER_MLI";TRUE;FALSE;"land";"NER";"MLI"
"643";"NER_NGA";TRUE;FALSE;"land";"NER";"NGA"
"644";"NER_TCD";TRUE;FALSE;"land";"NER";"TCD"
"645";"NGA_BEN";TRUE;TRUE;"hybrid";"NGA";"BEN"
"646";"NGA_CMR";TRUE;TRUE;"hybrid";"NGA";"CMR"
"647";"NGA_GHA";FALSE;TRUE;"sea";"NGA";"GHA"
"648";"NGA_GNQ";FALSE;TRUE;"sea";"NGA";"GNQ"
"649";"NGA_NER";TRUE;FALSE;"land";"NGA";"NER"
"650";"NGA_STP";FALSE;TRUE;"sea";"NGA";"STP"
"651";"NGA_TCD";TRUE;FALSE;"land";"NGA";"TCD"
"652";"NIC_CRI";TRUE;TRUE;"hybrid";"NIC";"CRI"
"653";"NIC_HND";TRUE;TRUE;"hybrid";"NIC";"HND"
"654";"NIC_PAN";FALSE;TRUE;"sea";"NIC";"PAN"
"655";"NIC_SLV";FALSE;TRUE;"sea";"NIC";"SLV"
"656";"NLD_BEL";TRUE;TRUE;"hybrid";"NLD";"BEL"
"657";"NLD_DEU";TRUE;TRUE;"hybrid";"NLD";"DEU"
"658";"NLD_DNK";FALSE;TRUE;"sea";"NLD";"DNK"
"659";"NLD_GBR";FALSE;TRUE;"sea";"NLD";"GBR"
"660";"NOR_DNK";FALSE;TRUE;"sea";"NOR";"DNK"
"661";"NOR_FIN";TRUE;FALSE;"land";"NOR";"FIN"
"662";"NOR_GBR";FALSE;TRUE;"sea";"NOR";"GBR"
"663";"NOR_RUS";TRUE;TRUE;"hybrid";"NOR";"RUS"
"664";"NOR_SJM";FALSE;TRUE;"sea";"NOR";"SJM"
"665";"NOR_SWE";TRUE;TRUE;"hybrid";"NOR";"SWE"
"666";"NPL_CHN";TRUE;FALSE;"land";"NPL";"CHN"
"667";"NPL_IND";TRUE;FALSE;"land";"NPL";"IND"
"668";"OMN_ARE";TRUE;TRUE;"hybrid";"OMN";"ARE"
"669";"OMN_IRN";FALSE;TRUE;"sea";"OMN";"IRN"
"670";"OMN_PAK";FALSE;TRUE;"sea";"OMN";"PAK"
"671";"OMN_SAU";TRUE;FALSE;"land";"OMN";"SAU"
"672";"OMN_YEM";TRUE;TRUE;"hybrid";"OMN";"YEM"
"673";"PAK_AFG";TRUE;FALSE;"land";"PAK";"AFG"
"674";"PAK_CHN";TRUE;FALSE;"land";"PAK";"CHN"
"675";"PAK_IND";TRUE;TRUE;"hybrid";"PAK";"IND"
"676";"PAK_IRN";TRUE;TRUE;"hybrid";"PAK";"IRN"
"677";"PAK_OMN";FALSE;TRUE;"sea";"PAK";"OMN"
"678";"PAN_COL";TRUE;TRUE;"hybrid";"PAN";"COL"
"679";"PAN_CRI";TRUE;TRUE;"hybrid";"PAN";"CRI"
"680";"PAN_NIC";FALSE;TRUE;"sea";"PAN";"NIC"
"681";"PER_BOL";TRUE;FALSE;"land";"PER";"BOL"
"682";"PER_BRA";TRUE;FALSE;"land";"PER";"BRA"
"683";"PER_CHL";TRUE;TRUE;"hybrid";"PER";"CHL"
"684";"PER_COL";TRUE;FALSE;"land";"PER";"COL"
"685";"PER_ECU";TRUE;TRUE;"hybrid";"PER";"ECU"
"686";"PHL_IDN";FALSE;TRUE;"sea";"PHL";"IDN"
"687";"PHL_JPN";FALSE;TRUE;"sea";"PHL";"JPN"
"688";"PHL_MYS";FALSE;TRUE;"sea";"PHL";"MYS"
"689";"PHL_PLW";FALSE;TRUE;"sea";"PHL";"PLW"
"690";"PHL_TWN";FALSE;TRUE;"sea";"PHL";"TWN"
"691";"PLW_IDN";FALSE;TRUE;"sea";"PLW";"IDN"
"692";"PLW_PHL";FALSE;TRUE;"sea";"PLW";"PHL"
"693";"PNG_AUS";TRUE;TRUE;"hybrid";"PNG";"AUS"
"694";"PNG_IDN";TRUE;TRUE;"hybrid";"PNG";"IDN"
"695";"PNG_SLB";FALSE;TRUE;"sea";"PNG";"SLB"
"696";"POL_BLR";TRUE;FALSE;"land";"POL";"BLR"
"697";"POL_CZE";TRUE;FALSE;"land";"POL";"CZE"
"698";"POL_DEU";TRUE;TRUE;"hybrid";"POL";"DEU"
"699";"POL_DNK";FALSE;TRUE;"sea";"POL";"DNK"
"700";"POL_LTU";TRUE;FALSE;"land";"POL";"LTU"
"701";"POL_LVA";FALSE;TRUE;"sea";"POL";"LVA"
"702";"POL_RUS";TRUE;TRUE;"hybrid";"POL";"RUS"
"703";"POL_SVK";TRUE;FALSE;"land";"POL";"SVK"
"704";"POL_UKR";TRUE;FALSE;"land";"POL";"UKR"
"705";"PRI_CUW";FALSE;TRUE;"sea";"PRI";"CUW"
"706";"PRI_DOM";FALSE;TRUE;"sea";"PRI";"DOM"
"707";"PRI_VIR";FALSE;TRUE;"sea";"PRI";"VIR"
"708";"PRK_CHN";TRUE;TRUE;"hybrid";"PRK";"CHN"
"709";"PRK_KOR";TRUE;TRUE;"hybrid";"PRK";"KOR"
"710";"PRK_RUS";TRUE;TRUE;"hybrid";"PRK";"RUS"
"711";"PRT_ESP";TRUE;TRUE;"hybrid";"PRT";"ESP"
"712";"PRT_MAR";FALSE;TRUE;"sea";"PRT";"MAR"
"713";"PRY_ARG";TRUE;FALSE;"land";"PRY";"ARG"
"714";"PRY_BOL";TRUE;FALSE;"land";"PRY";"BOL"
"715";"PRY_BRA";TRUE;FALSE;"land";"PRY";"BRA"
"716";"PSE_EGY";TRUE;FALSE;"land";"PSE";"EGY"
"717";"PSE_ISR";TRUE;FALSE;"land";"PSE";"ISR"
"718";"PSE_JOR";TRUE;FALSE;"land";"PSE";"JOR"
"719";"QAT_ARE";FALSE;TRUE;"sea";"QAT";"ARE"
"720";"QAT_BHR";FALSE;TRUE;"sea";"QAT";"BHR"
"721";"QAT_IRN";FALSE;TRUE;"sea";"QAT";"IRN"
"722";"QAT_SAU";TRUE;TRUE;"hybrid";"QAT";"SAU"
"723";"REU_MDG";FALSE;TRUE;"sea";"REU";"MDG"
"724";"REU_MUS";FALSE;TRUE;"sea";"REU";"MUS"
"725";"ROU_BGR";TRUE;TRUE;"hybrid";"ROU";"BGR"
"726";"ROU_HUN";TRUE;FALSE;"land";"ROU";"HUN"
"727";"ROU_MDA";TRUE;FALSE;"land";"ROU";"MDA"
"728";"ROU_SRB";TRUE;FALSE;"land";"ROU";"SRB"
"729";"ROU_UKR";TRUE;TRUE;"hybrid";"ROU";"UKR"
"730";"RUS_AZE";TRUE;FALSE;"land";"RUS";"AZE"
"731";"RUS_BLR";TRUE;FALSE;"land";"RUS";"BLR"
"732";"RUS_CHN";TRUE;FALSE;"land";"RUS";"CHN"
"733";"RUS_EST";TRUE;TRUE;"hybrid";"RUS";"EST"
"734";"RUS_FIN";TRUE;TRUE;"hybrid";"RUS";"FIN"
"735";"RUS_GEO";TRUE;TRUE;"hybrid";"RUS";"GEO"
"736";"RUS_JPN";FALSE;TRUE;"sea";"RUS";"JPN"
"737";"RUS_KAZ";TRUE;FALSE;"land";"RUS";"KAZ"
"738";"RUS_KOR";FALSE;TRUE;"sea";"RUS";"KOR"
"739";"RUS_LTU";TRUE;TRUE;"hybrid";"RUS";"LTU"
"740";"RUS_LVA";TRUE;TRUE;"hybrid";"RUS";"LVA"
"741";"RUS_MNG";TRUE;FALSE;"land";"RUS";"MNG"
"742";"RUS_NOR";TRUE;TRUE;"hybrid";"RUS";"NOR"
"743";"RUS_POL";TRUE;TRUE;"hybrid";"RUS";"POL"
"744";"RUS_PRK";TRUE;TRUE;"hybrid";"RUS";"PRK"
"745";"RUS_SJM";FALSE;TRUE;"sea";"RUS";"SJM"
"746";"RUS_TUR";FALSE;TRUE;"sea";"RUS";"TUR"
"747";"RUS_UKR";TRUE;TRUE;"hybrid";"RUS";"UKR"
"748";"RUS_USA";FALSE;TRUE;"sea";"RUS";"USA"
"749";"RUS_XCA";TRUE;FALSE;"land";"RUS";"XCA"
"750";"RWA_BDI";TRUE;FALSE;"land";"RWA";"BDI"
"751";"RWA_COD";TRUE;FALSE;"land";"RWA";"COD"
"752";"RWA_TZA";TRUE;FALSE;"land";"RWA";"TZA"
"753";"RWA_UGA";TRUE;FALSE;"land";"RWA";"UGA"
"754";"SAU_ARE";TRUE;TRUE;"hybrid";"SAU";"ARE"
"755";"SAU_BHR";TRUE;TRUE;"hybrid";"SAU";"BHR"
"756";"SAU_EGY";FALSE;TRUE;"sea";"SAU";"EGY"
"757";"SAU_ERI";FALSE;TRUE;"sea";"SAU";"ERI"
"758";"SAU_IRN";FALSE;TRUE;"sea";"SAU";"IRN"
"759";"SAU_IRQ";TRUE;FALSE;"land";"SAU";"IRQ"
"760";"SAU_JOR";TRUE;FALSE;"land";"SAU";"JOR"
"761";"SAU_KWT";TRUE;TRUE;"hybrid";"SAU";"KWT"
"762";"SAU_OMN";TRUE;FALSE;"land";"SAU";"OMN"
"763";"SAU_QAT";TRUE;TRUE;"hybrid";"SAU";"QAT"
"764";"SAU_SDN";FALSE;TRUE;"sea";"SAU";"SDN"
"765";"SAU_YEM";TRUE;TRUE;"hybrid";"SAU";"YEM"
"766";"SDN_CAF";TRUE;FALSE;"land";"SDN";"CAF"
"767";"SDN_EGY";TRUE;TRUE;"hybrid";"SDN";"EGY"
"768";"SDN_ERI";TRUE;TRUE;"hybrid";"SDN";"ERI"
"769";"SDN_ETH";TRUE;FALSE;"land";"SDN";"ETH"
"770";"SDN_LBY";TRUE;FALSE;"land";"SDN";"LBY"
"771";"SDN_SAU";FALSE;TRUE;"sea";"SDN";"SAU"
"772";"SDN_SSD";TRUE;FALSE;"land";"SDN";"SSD"
"773";"SDN_TCD";TRUE;FALSE;"land";"SDN";"TCD"
"774";"SEN_CPV";FALSE;TRUE;"sea";"SEN";"CPV"
"775";"SEN_GIN";TRUE;FALSE;"land";"SEN";"GIN"
"776";"SEN_GMB";TRUE;TRUE;"hybrid";"SEN";"GMB"
"777";"SEN_GNB";TRUE;TRUE;"hybrid";"SEN";"GNB"
"778";"SEN_MLI";TRUE;FALSE;"land";"SEN";"MLI"
"779";"SEN_MRT";TRUE;TRUE;"hybrid";"SEN";"MRT"
"780";"SGP_IDN";FALSE;TRUE;"sea";"SGP";"IDN"
"781";"SGP_MYS";FALSE;TRUE;"sea";"SGP";"MYS"
"782";"SJM_GRL";FALSE;TRUE;"sea";"SJM";"GRL"
"783";"SJM_ISL";FALSE;TRUE;"sea";"SJM";"ISL"
"784";"SJM_NOR";FALSE;TRUE;"sea";"SJM";"NOR"
"785";"SJM_RUS";FALSE;TRUE;"sea";"SJM";"RUS"
"786";"SLB_PNG";FALSE;TRUE;"sea";"SLB";"PNG"
"787";"SLB_VUT";FALSE;TRUE;"sea";"SLB";"VUT"
"788";"SLE_GIN";TRUE;TRUE;"hybrid";"SLE";"GIN"
"789";"SLE_GNB";FALSE;TRUE;"sea";"SLE";"GNB"
"790";"SLE_LBR";TRUE;TRUE;"hybrid";"SLE";"LBR"
"791";"SLV_CRI";FALSE;TRUE;"sea";"SLV";"CRI"
"792";"SLV_GTM";TRUE;TRUE;"hybrid";"SLV";"GTM"
"793";"SLV_HND";TRUE;TRUE;"hybrid";"SLV";"HND"
"794";"SLV_NIC";FALSE;TRUE;"sea";"SLV";"NIC"
"795";"SOM_DJI";TRUE;TRUE;"hybrid";"SOM";"DJI"
"796";"SOM_ETH";TRUE;FALSE;"land";"SOM";"ETH"
"797";"SOM_KEN";TRUE;TRUE;"hybrid";"SOM";"KEN"
"798";"SOM_YEM";FALSE;TRUE;"sea";"SOM";"YEM"
"799";"SPM_CAN";FALSE;TRUE;"sea";"SPM";"CAN"
"800";"SRB_BGR";TRUE;FALSE;"land";"SRB";"BGR"
"801";"SRB_BIH";TRUE;FALSE;"land";"SRB";"BIH"
"802";"SRB_HRV";TRUE;FALSE;"land";"SRB";"HRV"
"803";"SRB_HUN";TRUE;FALSE;"land";"SRB";"HUN"
"804";"SRB_MKD";TRUE;FALSE;"land";"SRB";"MKD"
"805";"SRB_MNE";TRUE;FALSE;"land";"SRB";"MNE"
"806";"SRB_ROU";TRUE;FALSE;"land";"SRB";"ROU"
"807";"SRB_XKO";TRUE;FALSE;"land";"SRB";"XKO"
"808";"SSD_CAF";TRUE;FALSE;"land";"SSD";"CAF"
"809";"SSD_COD";TRUE;FALSE;"land";"SSD";"COD"
"810";"SSD_ETH";TRUE;FALSE;"land";"SSD";"ETH"
"811";"SSD_KEN";TRUE;FALSE;"land";"SSD";"KEN"
"812";"SSD_SDN";TRUE;FALSE;"land";"SSD";"SDN"
"813";"SSD_UGA";TRUE;FALSE;"land";"SSD";"UGA"
"814";"STP_GAB";FALSE;TRUE;"sea";"STP";"GAB"
"815";"STP_GNQ";FALSE;TRUE;"sea";"STP";"GNQ"
"816";"STP_NGA";FALSE;TRUE;"sea";"STP";"NGA"
"817";"SUR_BRA";TRUE;FALSE;"land";"SUR";"BRA"
"818";"SUR_GUF";TRUE;TRUE;"hybrid";"SUR";"GUF"
"819";"SUR_GUY";TRUE;TRUE;"hybrid";"SUR";"GUY"
"820";"SVK_AUT";TRUE;FALSE;"land";"SVK";"AUT"
"821";"SVK_CZE";TRUE;FALSE;"land";"SVK";"CZE"
"822";"SVK_HUN";TRUE;FALSE;"land";"SVK";"HUN"
"823";"SVK_POL";TRUE;FALSE;"land";"SVK";"POL"
"824";"SVK_UKR";TRUE;FALSE;"land";"SVK";"UKR"
"825";"SVN_AUT";TRUE;FALSE;"land";"SVN";"AUT"
"826";"SVN_HRV";TRUE;FALSE;"land";"SVN";"HRV"
"827";"SVN_HUN";TRUE;FALSE;"land";"SVN";"HUN"
"828";"SVN_ITA";TRUE;FALSE;"land";"SVN";"ITA"
"829";"SWE_DEU";FALSE;TRUE;"sea";"SWE";"DEU"
"830";"SWE_DNK";FALSE;TRUE;"sea";"SWE";"DNK"
"831";"SWE_FIN";TRUE;FALSE;"land";"SWE";"FIN"
"832";"SWE_NOR";TRUE;TRUE;"hybrid";"SWE";"NOR"
"833";"SWZ_MOZ";TRUE;FALSE;"land";"SWZ";"MOZ"
"834";"SWZ_ZAF";TRUE;FALSE;"land";"SWZ";"ZAF"
"835";"SXM_MAF";TRUE;FALSE;"land";"SXM";"MAF"
"836";"SYR_IRQ";TRUE;FALSE;"land";"SYR";"IRQ"
"837";"SYR_ISR";TRUE;FALSE;"land";"SYR";"ISR"
"838";"SYR_JOR";TRUE;FALSE;"land";"SYR";"JOR"
"839";"SYR_LBN";TRUE;TRUE;"hybrid";"SYR";"LBN"
"840";"SYR_TUR";TRUE;TRUE;"hybrid";"SYR";"TUR"
"841";"SYR_XNC";FALSE;TRUE;"sea";"SYR";"XNC"
"842";"TCA_BHS";FALSE;TRUE;"sea";"TCA";"BHS"
"843";"TCA_DOM";FALSE;TRUE;"sea";"TCA";"DOM"
"844";"TCD_CAF";TRUE;FALSE;"land";"TCD";"CAF"
"845";"TCD_CMR";TRUE;FALSE;"land";"TCD";"CMR"
"846";"TCD_LBY";TRUE;FALSE;"land";"TCD";"LBY"
"847";"TCD_NER";TRUE;FALSE;"land";"TCD";"NER"
"848";"TCD_NGA";TRUE;FALSE;"land";"TCD";"NGA"
"849";"TCD_SDN";TRUE;FALSE;"land";"TCD";"SDN"
"850";"TGO_BEN";TRUE;TRUE;"hybrid";"TGO";"BEN"
"851";"TGO_BFA";TRUE;FALSE;"land";"TGO";"BFA"
"852";"TGO_GHA";TRUE;TRUE;"hybrid";"TGO";"GHA"
"853";"THA_IDN";FALSE;TRUE;"sea";"THA";"IDN"
"854";"THA_IND";FALSE;TRUE;"sea";"THA";"IND"
"855";"THA_KHM";TRUE;TRUE;"hybrid";"THA";"KHM"
"856";"THA_LAO";TRUE;FALSE;"land";"THA";"LAO"
"857";"THA_MMR";TRUE;TRUE;"hybrid";"THA";"MMR"
"858";"THA_MYS";TRUE;TRUE;"hybrid";"THA";"MYS"
"859";"THA_VNM";FALSE;TRUE;"sea";"THA";"VNM"
"860";"TJK_AFG";TRUE;FALSE;"land";"TJK";"AFG"
"861";"TJK_CHN";TRUE;FALSE;"land";"TJK";"CHN"
"862";"TJK_KGZ";TRUE;FALSE;"land";"TJK";"KGZ"
"863";"TJK_UZB";TRUE;FALSE;"land";"TJK";"UZB"
"864";"TKM_AFG";TRUE;FALSE;"land";"TKM";"AFG"
"865";"TKM_IRN";TRUE;FALSE;"land";"TKM";"IRN"
"866";"TKM_KAZ";TRUE;FALSE;"land";"TKM";"KAZ"
"867";"TKM_UZB";TRUE;FALSE;"land";"TKM";"UZB"
"868";"TKM_XCA";TRUE;FALSE;"land";"TKM";"XCA"
"869";"TLS_AUS";FALSE;TRUE;"sea";"TLS";"AUS"
"870";"TLS_IDN";TRUE;TRUE;"hybrid";"TLS";"IDN"
"871";"TTO_GRD";FALSE;TRUE;"sea";"TTO";"GRD"
"872";"TTO_GUY";FALSE;TRUE;"sea";"TTO";"GUY"
"873";"TTO_VCT";FALSE;TRUE;"sea";"TTO";"VCT"
"874";"TTO_VEN";FALSE;TRUE;"sea";"TTO";"VEN"
"875";"TUN_DZA";TRUE;TRUE;"hybrid";"TUN";"DZA"
"876";"TUN_ITA";FALSE;TRUE;"sea";"TUN";"ITA"
"877";"TUN_LBY";TRUE;TRUE;"hybrid";"TUN";"LBY"
"878";"TUR_ARM";TRUE;FALSE;"land";"TUR";"ARM"
"879";"TUR_AZE";TRUE;FALSE;"land";"TUR";"AZE"
"880";"TUR_BGR";TRUE;TRUE;"hybrid";"TUR";"BGR"
"881";"TUR_CYP";FALSE;TRUE;"sea";"TUR";"CYP"
"882";"TUR_GEO";TRUE;TRUE;"hybrid";"TUR";"GEO"
"883";"TUR_GRC";TRUE;TRUE;"hybrid";"TUR";"GRC"
"884";"TUR_IRN";TRUE;FALSE;"land";"TUR";"IRN"
"885";"TUR_IRQ";TRUE;FALSE;"land";"TUR";"IRQ"
"886";"TUR_RUS";FALSE;TRUE;"sea";"TUR";"RUS"
"887";"TUR_SYR";TRUE;TRUE;"hybrid";"TUR";"SYR"
"888";"TUR_UKR";FALSE;TRUE;"sea";"TUR";"UKR"
"889";"TUR_XNC";FALSE;TRUE;"sea";"TUR";"XNC"
"890";"TWN_CHN";FALSE;TRUE;"sea";"TWN";"CHN"
"891";"TWN_JPN";FALSE;TRUE;"sea";"TWN";"JPN"
"892";"TWN_PHL";FALSE;TRUE;"sea";"TWN";"PHL"
"893";"TZA_BDI";TRUE;FALSE;"land";"TZA";"BDI"
"894";"TZA_COD";TRUE;FALSE;"land";"TZA";"COD"
"895";"TZA_COM";FALSE;TRUE;"sea";"TZA";"COM"
"896";"TZA_KEN";TRUE;TRUE;"hybrid";"TZA";"KEN"
"897";"TZA_MOZ";TRUE;TRUE;"hybrid";"TZA";"MOZ"
"898";"TZA_MWI";TRUE;FALSE;"land";"TZA";"MWI"
"899";"TZA_RWA";TRUE;FALSE;"land";"TZA";"RWA"
"900";"TZA_UGA";TRUE;FALSE;"land";"TZA";"UGA"
"901";"TZA_ZMB";TRUE;FALSE;"land";"TZA";"ZMB"
"902";"UGA_COD";TRUE;FALSE;"land";"UGA";"COD"
"903";"UGA_KEN";TRUE;FALSE;"land";"UGA";"KEN"
"904";"UGA_RWA";TRUE;FALSE;"land";"UGA";"RWA"
"905";"UGA_SSD";TRUE;FALSE;"land";"UGA";"SSD"
"906";"UGA_TZA";TRUE;FALSE;"land";"UGA";"TZA"
"907";"UKR_BGR";FALSE;TRUE;"sea";"UKR";"BGR"
"908";"UKR_BLR";TRUE;FALSE;"land";"UKR";"BLR"
"909";"UKR_HUN";TRUE;FALSE;"land";"UKR";"HUN"
"910";"UKR_MDA";TRUE;FALSE;"land";"UKR";"MDA"
"911";"UKR_POL";TRUE;FALSE;"land";"UKR";"POL"
"912";"UKR_ROU";TRUE;TRUE;"hybrid";"UKR";"ROU"
"913";"UKR_RUS";TRUE;TRUE;"hybrid";"UKR";"RUS"
"914";"UKR_SVK";TRUE;FALSE;"land";"UKR";"SVK"
"915";"UKR_TUR";FALSE;TRUE;"sea";"UKR";"TUR"
"916";"URY_ARG";TRUE;TRUE;"hybrid";"URY";"ARG"
"917";"URY_BRA";TRUE;TRUE;"hybrid";"URY";"BRA"
"918";"USA_BHS";FALSE;TRUE;"sea";"USA";"BHS"
"919";"USA_CAN";TRUE;TRUE;"hybrid";"USA";"CAN"
"920";"USA_CUB";FALSE;TRUE;"sea";"USA";"CUB"
"921";"USA_MEX";TRUE;TRUE;"hybrid";"USA";"MEX"
"922";"USA_RUS";FALSE;TRUE;"sea";"USA";"RUS"
"923";"UZB_AFG";TRUE;FALSE;"land";"UZB";"AFG"
"924";"UZB_KAZ";TRUE;FALSE;"land";"UZB";"KAZ"
"925";"UZB_KGZ";TRUE;FALSE;"land";"UZB";"KGZ"
"926";"UZB_TJK";TRUE;FALSE;"land";"UZB";"TJK"
"927";"UZB_TKM";TRUE;FALSE;"land";"UZB";"TKM"
"928";"VCT_DMA";FALSE;TRUE;"sea";"VCT";"DMA"
"929";"VCT_GRD";FALSE;TRUE;"sea";"VCT";"GRD"
"930";"VCT_MTQ";FALSE;TRUE;"sea";"VCT";"MTQ"
"931";"VCT_TTO";FALSE;TRUE;"sea";"VCT";"TTO"
"932";"VCT_VEN";FALSE;TRUE;"sea";"VCT";"VEN"
"933";"VCT_VIR";FALSE;TRUE;"sea";"VCT";"VIR"
"934";"VEN_ABW";FALSE;TRUE;"sea";"VEN";"ABW"
"935";"VEN_BRA";TRUE;FALSE;"land";"VEN";"BRA"
"936";"VEN_COL";TRUE;TRUE;"hybrid";"VEN";"COL"
"937";"VEN_CUW";FALSE;TRUE;"sea";"VEN";"CUW"
"938";"VEN_GRD";FALSE;TRUE;"sea";"VEN";"GRD"
"939";"VEN_GUY";TRUE;TRUE;"hybrid";"VEN";"GUY"
"940";"VEN_TTO";FALSE;TRUE;"sea";"VEN";"TTO"
"941";"VEN_VCT";FALSE;TRUE;"sea";"VEN";"VCT"
"942";"VIR_DMA";FALSE;TRUE;"sea";"VIR";"DMA"
"943";"VIR_GLP";FALSE;TRUE;"sea";"VIR";"GLP"
"944";"VIR_KNA";FALSE;TRUE;"sea";"VIR";"KNA"
"945";"VIR_PRI";FALSE;TRUE;"sea";"VIR";"PRI"
"946";"VIR_VCT";FALSE;TRUE;"sea";"VIR";"VCT"
"947";"VNM_CHN";TRUE;TRUE;"hybrid";"VNM";"CHN"
"948";"VNM_IDN";FALSE;TRUE;"sea";"VNM";"IDN"
"949";"VNM_KHM";TRUE;TRUE;"hybrid";"VNM";"KHM"
"950";"VNM_LAO";TRUE;FALSE;"land";"VNM";"LAO"
"951";"VNM_MYS";FALSE;TRUE;"sea";"VNM";"MYS"
"952";"VNM_THA";FALSE;TRUE;"sea";"VNM";"THA"
"953";"VUT_FJI";FALSE;TRUE;"sea";"VUT";"FJI"
"954";"VUT_NCL";FALSE;TRUE;"sea";"VUT";"NCL"
"955";"VUT_SLB";FALSE;TRUE;"sea";"VUT";"SLB"
"956";"WSM_FJI";FALSE;TRUE;"sea";"WSM";"FJI"
"957";"XAD_CYP";TRUE;TRUE;"hybrid";"XAD";"CYP"
"958";"XAD_EGY";FALSE;TRUE;"sea";"XAD";"EGY"
"959";"XAD_ISR";FALSE;TRUE;"sea";"XAD";"ISR"
"960";"XAD_LBN";FALSE;TRUE;"sea";"XAD";"LBN"
"961";"XAD_XNC";TRUE;FALSE;"land";"XAD";"XNC"
"962";"XCA_AZE";TRUE;FALSE;"land";"XCA";"AZE"
"963";"XCA_IRN";TRUE;FALSE;"land";"XCA";"IRN"
"964";"XCA_KAZ";TRUE;FALSE;"land";"XCA";"KAZ"
"965";"XCA_RUS";TRUE;FALSE;"land";"XCA";"RUS"
"966";"XCA_TKM";TRUE;FALSE;"land";"XCA";"TKM"
"967";"XKO_ALB";TRUE;FALSE;"land";"XKO";"ALB"
"968";"XKO_MKD";TRUE;FALSE;"land";"XKO";"MKD"
"969";"XKO_MNE";TRUE;FALSE;"land";"XKO";"MNE"
"970";"XKO_SRB";TRUE;FALSE;"land";"XKO";"SRB"
"971";"XNC_CYP";TRUE;TRUE;"hybrid";"XNC";"CYP"
"972";"XNC_LBN";FALSE;TRUE;"sea";"XNC";"LBN"
"973";"XNC_SYR";FALSE;TRUE;"sea";"XNC";"SYR"
"974";"XNC_TUR";FALSE;TRUE;"sea";"XNC";"TUR"
"975";"XNC_XAD";TRUE;FALSE;"land";"XNC";"XAD"
"976";"YEM_DJI";FALSE;TRUE;"sea";"YEM";"DJI"
"977";"YEM_ERI";FALSE;TRUE;"sea";"YEM";"ERI"
"978";"YEM_OMN";TRUE;TRUE;"hybrid";"YEM";"OMN"
"979";"YEM_SAU";TRUE;TRUE;"hybrid";"YEM";"SAU"
"980";"YEM_SOM";FALSE;TRUE;"sea";"YEM";"SOM"
"981";"ZAF_BWA";TRUE;FALSE;"land";"ZAF";"BWA"
"982";"ZAF_LSO";TRUE;FALSE;"land";"ZAF";"LSO"
"983";"ZAF_MOZ";TRUE;TRUE;"hybrid";"ZAF";"MOZ"
"984";"ZAF_NAM";TRUE;TRUE;"hybrid";"ZAF";"NAM"
"985";"ZAF_SWZ";TRUE;FALSE;"land";"ZAF";"SWZ"
"986";"ZAF_ZWE";TRUE;FALSE;"land";"ZAF";"ZWE"
"987";"ZMB_AGO";TRUE;FALSE;"land";"ZMB";"AGO"
"988";"ZMB_BWA";TRUE;FALSE;"land";"ZMB";"BWA"
"989";"ZMB_COD";TRUE;FALSE;"land";"ZMB";"COD"
"990";"ZMB_MOZ";TRUE;FALSE;"land";"ZMB";"MOZ"
"991";"ZMB_MWI";TRUE;FALSE;"land";"ZMB";"MWI"
"992";"ZMB_NAM";TRUE;FALSE;"land";"ZMB";"NAM"
"993";"ZMB_TZA";TRUE;FALSE;"land";"ZMB";"TZA"
"994";"ZMB_ZWE";TRUE;FALSE;"land";"ZMB";"ZWE"
"995";"ZWE_BWA";TRUE;FALSE;"land";"ZWE";"BWA"
"996";"ZWE_MOZ";TRUE;FALSE;"land";"ZWE";"MOZ"
"997";"ZWE_ZAF";TRUE;FALSE;"land";"ZWE";"ZAF"
"998";"ZWE_ZMB";TRUE;FALSE;"land";"ZWE";"ZMB"
